epoch,train_loss,val_loss
1,1.8855893498726404,1.591475938277683
2,1.2935598642327595,1.5757981443199618
3,1.170866259596356,1.5827506969372431
4,1.0921931686825816,1.617985464272828
5,1.036860682101135,1.6523814613106607
